{
  "IcoMoonType": "selection",
  "icons": [
    {
      "icon": {
        "paths": [
          "M192 64v768h768v-768h-768zM896 768h-640v-640h640v640zM128 896v-672l-64-64v800h800l-64-64h-672z",
          "M352 256l160 160-192 192 96 96 192-192 160 160v-416z"
        ],
        "tags": [
          "new-tab",
          "out",
          "external",
          "outside",
          "popout",
          "link",
          "blank"
        ],
        "defaultCode": 60030,
        "grid": 16,
        "attrs": []
      },
      "attrs": [],
      "properties": {
        "ligatures": "new-tab, out2",
        "name": "new-tab",
        "order": 2,
        "id": 383,
        "prevSize": 32
      },
      "setIdx": 0,
      "setId": 1,
      "iconIdx": 382
    }
  ],
  "height": 1024,
  "preferences": {
    "showGlyphs": true,
    "showQuickUse": true,
    "showQuickUse2": true,
    "showSVGs": true,
    "fontPref": {
      "prefix": "icon-",
      "metadata": {
        "fontFamily": "icomoon"
      },
      "metrics": {
        "emSize": 1024,
        "baseline": 6.25,
        "whitespace": 50
      },
      "embed": false
    },
    "imagePref": {
      "prefix": "icon-",
      "png": false,
      "useClassSelector": true,
      "color": 0,
      "bgColor": 16777215,
      "classSelector": ".icon",
      "name": "icomoon",
      "height": 32,
      "columns": 16,
      "margin": 16
    },
    "historySize": 50,
    "showCodes": true,
    "gridSize": 16
  }
}